text,label
railway railway board miscellaneous railway board zone psu pu office railway board railway board railway board sdah er location madhyamgram informing temporary railway line crossing near madhyamgram station bt end bad condition stone side line moved far enough cause great danger yraincommon people train passenger time please look matter although said place fixed done thanking truly bhaskar mitra 112023,0
xaxpxxx0x2x4x0x0 regarding cbcid inspection closed wrong fact without investigate evidence blamed abused complainant asp nagar bulandshahr anukriti sharma ji mr tp singh superintending post hpo bulandshahr mr rajeev umrao postmaster general agra please investigate attached pdf file matter lodge fir present complainant want mental harassment xoxpxnxaxixn legal action police officer xuxexixtxnxixg post hpo bulandshahr sir atm card issued without complainant oral written permission mr chandra prakash singh district magistrate bulandshahr dated 1992022 well choki ansari road bulandshahr mr virendra kumar si x8x1x6x9x4x made pressure complainant lodge fir dated 28062022 asp bulandshahr shri shashank singh x4x4x0x5x2 false report regarding phone testimony dated 2222022 phone testimony given date spite many complaint cancelled big offence well xoxpxaxnxnxs name written gd register kotwali nagar bulandshahr 2272022 action taken person till well application received dated 08042022 sp city bulandshahr mr surendra nath tiwari x4x4x0x0x3 well argued complainant missed call crime present without check fact blamed complainant asp nagar bulandshahr anukriti sharma ji report stigrs1x2x3xx0x2x2x saved officer without action person present complainant want mental harassment xoxpxnxaxixn legal action police officer xuxexixtxnxixg post hpo bulandshahr,1
labour employment pf withdrawal others name address establishment m skechers south asia pvt ltd uan provided pf code pf account xxxxx ppo provided scheme certificate number provided pf office regional office thane ii dear sir madam name rudraram raju pf number xxxxx company name m skechers south asia pvt ltd sir apply final settlement technical issue i39m able apply online apply offline final settlement already send courier pf office kindly check sir request epfo department please settled pf final settlement please find attachment pdf file,2
labour employment pension others name address establishment kanwar narender singh uan x0x5x4x7x7x0 pf code pf account xuxpxnxxxxxxxxxxxxxxxxxxxx ppo provided scheme certificate number provided pf office regional office pune dear sir mai shri hemant kumar chavhan mai m kanwar narender singh security yaha 16 january 2018 se lekar 30 june 2022 tak 3 se 4 saal kam kiya lekin sir muze waha perr 02 january 2019 ko hee 58 saal pure huye hai fir bhi mera eps xoxtxixuxixn hua hai bulki mera 58 saal ke baad epfo rulles ke nusar eps xoxtxixuxixn nahi hona chahiye tha abhi sir muze aapke taraf se suggetion dijiye ki mai woh mera 58 saal completed ke baad wala eps ammount kaise withdrwal karr sakta hu kaise kya karr sakta hu mere alawa 4 se 5 logo ka ammount waise hee fasa hua hai sir plz suggetion eps ammount withdrwal,3
xaxpxxx0x2x4x0x8 regarding cbcid inspection closed wrong fact without investigate evidence blamed abused complainant asp nagar bulandshahr anukriti sharma ji mr tp singh superintending post hpo bulandshahr mr rajeev umrao postmaster general agra please investigate attached pdf file matter lodge fir present complainant want mental harassment xoxpxnxaxixn legal action police officer xuxexixtxnxixg post hpo bulandshahr sir atm card issued without complainant oral written permission mr chandra prakash singh district magistrate bulandshahr dated 1992022 well choki ansari road bulandshahr mr virendra kumar si x8x1x6x9x4x made pressure complainant lodge fir dated 28062022 asp bulandshahr shri shashank singh x4x4x0x5x2 false report regarding phone testimony dated 2222022 phone testimony given date spite many complaint cancelled big offence well xoxpxaxnxnxs name written gd register kotwali nagar bulandshahr 2272022 action taken person till well application received dated 08042022 sp city bulandshahr mr surendra nath tiwari x4x4x0x0x3 well argued complainant missed call crime present without check fact blamed complainant asp nagar bulandshahr anukriti sharma ji report stigrs1x2x3xx0x2x2x saved officer without action person present complainant want mental harassment xoxpxnxaxixn legal action police officer xuxexixtxnxixg post hpo bulandshahr,4
xaxpxxx0x2x4x0x7 regarding cbcid inspection closed wrong fact without investigate evidence blamed abused complainant asp nagar bulandshahr anukriti sharma ji mr tp singh superintending post hpo bulandshahr mr rajeev umrao postmaster general agra please investigate attached pdf file matter lodge fir present complainant want mental harassment xoxpxnxaxixn legal action police officer xuxexixtxnxixg post hpo bulandshahr sir atm card issued without complainant oral written permission mr chandra prakash singh district magistrate bulandshahr dated 1992022 well choki ansari road bulandshahr mr virendra kumar si x8x1x6x9x4x made pressure complainant lodge fir dated 28062022 asp bulandshahr shri shashank singh x4x4x0x5x2 false report regarding phone testimony dated 2222022 phone testimony given date spite many complaint cancelled big offence well xoxpxaxnxnxs name written gd register kotwali nagar bulandshahr 2272022 action taken person till well application received dated 08042022 sp city bulandshahr mr surendra nath tiwari x4x4x0x0x3 well argued complainant missed call crime present without check fact blamed complainant asp nagar bulandshahr anukriti sharma ji report stigrs1x2x3xx0x2x2x saved officer without action person present complainant want mental harassment xoxpxnxaxixn legal action police officer xuxexixtxnxixg post hpo bulandshahr,5
defence canteen store depot related non entry dependentauthorized card holder name csd unit concerned chenab brigade sir widow late ramsingh army 1495731 want know son unemployed studying age know 24 want know u applying grocery dependent card son son attains age 25 grocery dependent card renewed blocked plz sir help want apply son grocery dependent card he39s know 24 applying son39s grocery dependent card know attaining age 25 26 son39s grocery dependent card renewed depended he39s jobless plz sir furnish detail thanks,6
justice others à®ªà®°à®® à®®à®¤à®ªà®ªà®±à®•à®°à®¯ à®¨à®¤ à®…à®°à®šà®°à®•à®³ à®à®¯ 100 à®°à®ªà®¯ à®ªà®¤à®¤à®°à®¤à®¤à®² 732020 à®…à®©à®± à®Žà®©à®© à®•à®Ÿà®°à®®à®• à®¤à®•à®•à®¯à®¤ à®ªà®°à®¤à®¤ à®šà®™à®•à®² à®•à®±à®ªà®ªà®°à®•à®³ à®šà®Ÿà®š à®‰à®±à®¤ à®ªà®¤à®¤à®°à®® à®¤à®¨à®¤à®³à®³à®©à®° à®…à®¤à®© à®‰à®°à®¯ à®¨à®°à®¤à®¤à®² à®šà®®à®°à®ªà®ªà®ªà®© à®à®¯à®Žà®¤à®° à®¨à®šà®šà®² à®…à®Ÿ à®‡à®©à®± à®à®±à®±à®•à®•à®Ÿ à®‡à®¤ sp à®•à®•à®® à®…à®µà®©à®© à®ªà®¯à®•à®¤à®•à®³à®•à®• à®ªà®©à®©à®²à®® à®®à®©à®©à®²à®® à®®à®Ÿà®Ÿà®•à®Ÿà®ªà®ªà®µà®°à®•à®³à®•à®• 100 à®°à®ªà®¯ à®šà®Ÿà®š à®‰à®±à®¤ à®ªà®¤à®¤à®°à®® à®šà®®à®°à®ªà®£à®® à®Žà®©à®© à®ªà®£à®Ÿà®®à®µà®© à®Žà®©à®± à®ªà®šà®¯ à®•à®µà®²à®°à®•à®• à®Žà®² à®Žà®©à®©à®¯à®² à®ªà®£à®Ÿà®®à®µà®© à®•à®Ÿà®Ÿ à®…à®¤à®±à®• à®¨à®© à®Žà®² à®ªà®£à®Ÿà®®à®µà®© à®…à®ªà®ªà®Ÿ à®ªà®¤à®®à®•à®•à®³à®Ÿà®® à®ªà®šà®•à®•à®Ÿà®¤ à®Žà®©à®± à®šà®²à®² à®•à®Ÿà®¤à®¤à®© à®à®¯ à®Žà®² à®¨à®µ à®šà®¯à®¯ à®µà®£à®Ÿà®¯ à®µà®²à®¯ à®¨à®© à®šà®¯à®±à®®à®² à®Žà®© à®¨à®žà®šà®² à®®à®¤à®ªà®ªà®¯à®² à®‰à®©à®•à®• à®²à®žà®šà®® à®¤à®°à®²à®© à®à®± à®®à®¤à®ªà®ªà®¯à®² à®Žà®© à®šà®¤à®¯ à®•à®µà®²à®® à®ªà®šà®µà®¯à®² public servant à®Žà®©à®±à®® à®•à®±à®©à®© à®à®¯ police à®•à®°à®£à®•à®•à®® à®Žà®©à®•à®•à®® à®šà®£à®Ÿ 2019 à®² à®ªà®±à®• à®•à®©à®©à®¯à®•à®®à®° police station à®‰à®³à®³à®¯ à®ªà®¯ à®šà®ªà®Ÿà®®à®ªà®° à®®à®¤à®® camera à®®à®©à®©à®Ÿ à®¨à®©à®© à®¨à®©à®¤à®© à®®à®šà®¯ à®Žà®© à®•à®Ÿà®µà®šà®šà®Ÿà®Ÿà®•à®• à®’à®° à®ªà®š à®²à®žà®šà®® à®¤à®°à®®à®Ÿà®Ÿà®© à®•à®¤à®¤ à®¤à®®à®° à®šà®©à®©à®µà®© à®‰à®™à®•à®³ à®‡à®¨à®¤à®¯ à®•à®Ÿà®®à®•à®© à®®à®šà®¯ à®®à®¯à®°à®¨à®ªà®ªà®© à®‰à®¯à®°à®µà®´à®•à®•à®µà®°à®® à®…à®¨à®¨à®° à®‰à®¯à®°à®¨à®ªà®ªà®° à®®à®©à®® à®µà®°à®© à®®à®¯à®° à®Žà®Ÿà®ªà®ªà®© sp à®¨à®Ÿà®µà®Ÿà®•à®•,7
external affair others danapuneni sreekanth raopaid tution fee college newzealand 2009i paid tution fee provided servicesi approached indian embassy responsible indian safety difficulty foreign country also provided anythingiam sending mail indian embassy since13 yearsin cpgrams portal sent 7000 grievance ministry external affairsfor loss ministry external affairsindian embassyindian government responsiblei get permanent residency newzealand government dollar 913336 nzd equivalent indian rupee 5 crore indian rupee get ministry external affair indian government soon possiblealready 13 year overplease send money given bank account bank detail account name sreekanth rao danapuneni account x2x8x8x9x8x ifsc code xxxxx bank state bank india branchmanthani state telangana country india thanks regard danapuneni sreekanth rao x1x9x3x4x8x0,8
rural development pradhan mantri gram sadak yojana complaint pmgsy road request construction road pmgsy name road constructed pmgsy gp headquarters kaladu via include nearly unconnected village gp honourable minister department rural development government india new delhi honourable secretary department rural development government india new delhi grievancedear sir kindly request construct new road scheme pradhan mantri grama sadak yojana pmgsy gp headquarters kaladu via include nearly unconnected village gp bamprada gramapanchyat barkote block deogarh district undeveloped hill area cum maoist affected inter remote area communication facility poor construction new road great step communication area project kindly approve therefore shall obliged,9
telecommunication suggestion others honourable minister department telecommunication government india grievancedear sir would like draw urgent attention kaladu village come bamprada gramapanchyat barkote block deogarh district odisha state undeveloped hill cum inter remote area cut part mainstream area country since long time network connectivity internet penetration telecommunication poor even working properly resident village student business personality unable access internet banking online service student also unable attend online activity due mentioned problem people unable call ambulance fire service due lack network problem emergency time facility digital india reached area till underprivileged digitally connected rest country therefore kindly request please install new reliance jio4g5g cum bsnl3g4g5g mobile tower scheme universal service obligation fund usof particular place kaladu village come bamprada gramapanchyat barkote block deogarh district odisha state underprivileged people connected digitally take advantage digital service,10
indian passport number x7x3x4x0 immigration newzealand client number x3x2x0x4 danapuneni sreekanth raoi paid fee collegeand paid tax newzealand government 2009 yearwithout provided service took tution feeall thing newzealand government iam facing health problemswhy took tution feewithout provided anythingdue loss 11years get permanent residency compensation newzealand dollar 913336 nzdall friend good position jobsiam mentally faced lot problem newzealand governmentso get permanent residency compensation newzealand dollar 913336 nzd indian government bank detail account name sreekanth rao danapuneni account x2x8x8x9x8x ifsc code xxxxx bank state bank india branchmanthani state telangana country india thanks regard danapuneni sreekanth rao,11
panchayati raj panchayat development related matter basic facility village odisha honourable principal secretary department panchayati raj government india new delhi grievancedear sir 76 year independent india regular availability road drinking water electricity health education telecommunication cum internet facility gambharibhuin village sado gramapanchayat come tileibani block deogarh district sensitive unfortunate matter undeveloped hill cum inter remote area good communication request take step avail regular road drinking water facility education health telecommunication cum internet facility electricity connect gambharibhuin village,12
xaxpxxx0x2x4x0x5 regarding cbcid inspection closed wrong fact without investigate evidence blamed abused complainant asp nagar bulandshahr anukriti sharma ji mr tp singh superintending post hpo bulandshahr mr rajeev umrao postmaster general agra please investigate attached pdf file matter lodge fir present complainant want mental harassment xoxpxnxaxixn legal action police officer xuxexixtxnxixg post hpo bulandshahr sir atm card issued without complainant oral written permission mr chandra prakash singh district magistrate bulandshahr dated 1992022 well choki ansari road bulandshahr mr virendra kumar si x8x1x6x9x4x made pressure complainant lodge fir dated 28062022 asp bulandshahr shri shashank singh x4x4x0x5x2 false report regarding phone testimony dated 2222022 phone testimony given date spite many complaint cancelled big offence well xoxpxaxnxnxs name written gd register kotwali nagar bulandshahr 2272022 action taken person till well application received dated 08042022 sp city bulandshahr mr surendra nath tiwari x4x4x0x0x3 well argued complainant missed call crime present without check fact blamed complainant asp nagar bulandshahr anukriti sharma ji report stigrs1x2x3xx0x2x2x saved officer without action person present complainant want mental harassment xoxpxnxaxixn legal action police officer xuxexixtxnxixg post hpo bulandshahr,13
tourism scheme project proposal scheme ministry tourism swadesh darshan hon39ble secretary tourism ministry tourism 1st floor transport bhawan 1 parliament street new delhi sir meeting reg development beri panchpota ecotourism west bengal honorable secretary central tourism ministry mr arvind singh nearly eight month passed initiative build ecotourism beri panchpota west bengal till beri panchpota village gaighata block westbengal situated 70 km away kolkata city india five horse nail shaped lake natural oxbow lake flowing village two biggest lake village beri lake 823 km long duma lake 14 km long others lake approximately 6 km 4 km 35 km long lake naturally developed stunningly beautiful sweet rainwater fed water body lake boast natural habitat traditional small fish bird tortoise flora fauna want build ecotourism area development beri panchpota ecotourism center benefit million people least three assembly constituency west bengal want tourism project developed collaboration central state government sorry inform initiative build ecotourism beri panchpota west bengal till even meeting honorable secretary tourism mr arvind singh request hon39ble secretary see matter urgently please visit village beri panchpota also request hon39ble secretary u talk topic four representative area would like meet hon39ble secretary want appointment hon39ble secretary thanking jyoti prokash ghosh vill post beri panchpota block gaighata dist north 24 parganas wb,14
indian passport number x7x3x4x0 immigration newzealand client number x3x2x0x4 danapuneni sreekanth raoi paid fee collegeand paid tax newzealand government 2009 yearwithout provided service took tution feeall thing newzealand government iam facing health problemswhy took tution feewithout provided anythingdue loss 11years get permanent residency compensation newzealand dollar 913336 nzdall friend good position jobsiam mentally faced lot problem newzealand governmentso get permanent residency compensation newzealand dollar 913336 nzd indian government bank detail account name sreekanth rao danapuneni account x2x8x8x9x8x ifsc code xxxxx bank state bank india branchmanthani state telangana country india thanks regard danapuneni sreekanth rao x1x9x3x4x8x0,15
labour employment transfer related issue transfer inoutform 13 online transfer related issue name address establishment persolkelly india private limited uan x0x3x9x5x8x0 pf code pf account xxxxx ppo provided scheme certificate number provided pf office regional office bandra 1 hello dear sir madam name syed shebaaz ahmed uan number x0x3x9x5x8x0 pf number xxxxx company name persolkelly india private limited company detail sir apply transfer request epfo still rejected reason break statement rejected reason claim claim id xxxxx rejected due 1 payment received month 052022 clarify contact hr he39s given clearfication letter break statment also sending epfo office regarding request epfo department please approve transfer please find attachment pdf file please reply soon possible,16
labour employment compliance related issue non coverage establishment name address establishment devendra nath singh khalari angul anugul odisha khalari angul anugul odisha anugul uan x0x4x2x3x2x8 pf code pf account xrxbxsxxxxxxxxxxxxxxxxxxxx ppo provided scheme certificate number provided pf office regional office bhubaneshwar dear sir mai shri jaykumar haridas patil maine apne pehle walle 1st employer xxxxx ko apne document unke kehne perr adhar card pan card bank passbook watsup perr send karr diya tha ki unhone muze bola tha ki mai tumhara bank kyc approved karke deta hu karke lekin sir unhone mera bank kyc approved na karte huye mere 2nd company xxxxx mera janbooz kerr 1 august 2022 ki joinng date updated karr diya tha jab maine unse contact kiya tha ki aapne aisa kyu kiya woh muze pehchanne se enkar karahe ki mai aapko nahi pehchnta karke fir sir maine cp gram grivance perr mere 2nd employer xxxxx se contact karke jabki maine unke pas kamm bhi na karte huye bhi mera bank kyc dsc se approved karr diya hai sir abhi bhi yeh sab ho jane ke baad mere uan portal perr dubara tiasri baar kisi company ki xhxbxaxexhxax ki 01 november 2022 ki joining date bata raha hai jabki mai woh jagah na gaya hu nahi maine kabhi waha kamm kiya hai plz sir mere baar baar rejoining kon karr raha hai kuch samaz nahi aarha hai kripa karke meri problem ka kuch solution dhoond lijiye ki yeh kon karrr raha hai kyu karr raha mai apna pf ammount kab withdrwal karr sakta hu jo baar baar rejoining ho raha hai thankyou sir,17
à®ªà®°à®® à®®à®¤à®ªà®ªà®±à®•à®°à®¯ à®¨à®¤ à®…à®°à®šà®°à®•à®³ à®à®¯ 100 à®°à®ªà®¯ à®ªà®¤à®¤à®°à®¤à®¤à®² 732020 à®…à®©à®± à®Žà®©à®© à®•à®Ÿà®°à®®à®• à®¤à®•à®•à®¯à®¤ à®ªà®°à®¤à®¤ à®šà®™à®•à®² à®•à®±à®ªà®ªà®°à®•à®³ à®šà®Ÿà®š à®‰à®±à®¤ à®ªà®¤à®¤à®°à®® à®¤à®¨à®¤à®³à®³à®©à®° à®…à®¤à®© à®‰à®°à®¯ à®¨à®°à®¤à®¤à®² à®šà®®à®°à®ªà®ªà®ªà®© à®à®¯à®Žà®¤à®° à®¨à®šà®šà®² à®…à®Ÿ à®‡à®©à®± à®à®±à®±à®•à®•à®Ÿ à®‡à®¤ sp à®•à®•à®® à®…à®µà®©à®© à®ªà®¯à®•à®¤à®•à®³à®•à®• à®ªà®©à®©à®²à®® à®®à®©à®©à®²à®® à®®à®Ÿà®Ÿà®•à®Ÿà®ªà®ªà®µà®°à®•à®³à®•à®• 100 à®°à®ªà®¯ à®šà®Ÿà®š à®‰à®±à®¤ à®ªà®¤à®¤à®°à®® à®šà®®à®°à®ªà®£à®® à®Žà®©à®© à®ªà®£à®Ÿà®®à®µà®© à®Žà®© à®¤à®Ÿà®Ÿà®¯ police à®•à®°à®© à®Žà®² à®Žà®©à®©à®¯à®² à®ªà®£à®Ÿà®®à®µà®© à®•à®Ÿà®Ÿ à®…à®¤à®±à®• à®¨à®© à®Žà®² à®ªà®£à®Ÿà®®à®µà®© à®…à®ªà®ªà®Ÿ à®ªà®¤à®®à®•à®•à®³à®Ÿà®® à®ªà®šà®•à®•à®Ÿà®¤ à®Žà®©à®± à®šà®²à®² à®•à®Ÿà®¤à®¤à®© à®à®¯ à®Žà®² à®¨à®µ à®šà®¯à®¯ à®µà®£à®Ÿà®¯ à®µà®²à®¯ à®¨à®© à®šà®¯à®±à®®à®² à®Žà®© à®¨à®žà®šà®² à®®à®¤à®ªà®ªà®¯à®² à®‰à®©à®•à®• à®²à®žà®šà®® à®¤à®°à®²à®© à®à®± à®®à®¤à®ªà®ªà®¯à®² à®Žà®© à®šà®¤à®¯ à®•à®µà®²à®® à®ªà®šà®µà®¯à®² public servant à®Žà®©à®±à®® à®•à®±à®©à®© à®à®¯ police à®•à®°à®£à®•à®•à®® à®Žà®©à®•à®•à®® à®šà®£à®Ÿ 2019 à®² à®ªà®±à®• à®•à®©à®©à®¯à®•à®®à®° police station à®‰à®³à®³à®¯ à®ªà®¯ à®šà®ªà®Ÿà®®à®ªà®° à®®à®¤à®® camera à®®à®©à®©à®Ÿ à®¨à®©à®© à®¨à®©à®¤à®© à®®à®šà®¯ à®Žà®© à®•à®Ÿà®µà®šà®šà®Ÿà®Ÿà®•à®• à®’à®° à®ªà®š à®²à®žà®šà®® à®¤à®°à®®à®Ÿà®Ÿà®© à®•à®¤à®¤ à®¤à®®à®° à®šà®©à®©à®µà®© à®‰à®™à®•à®³ à®‡à®¨à®¤à®¯ à®•à®Ÿà®®à®•à®© à®®à®šà®¯ à®®à®¯à®°à®¨à®ªà®ªà®© à®‰à®¯à®°à®µà®´à®•à®•à®µà®°à®® à®…à®¨à®¨à®° à®‰à®¯à®°à®¨à®ªà®ªà®° à®®à®©à®® à®µà®°à®© à®®à®¯à®° à®Žà®Ÿà®ªà®ªà®© sp à®¨à®Ÿà®µà®Ÿà®•à®•,18
panchayati raj panchayat development related matter basic facility village rajasthan honourable principal secretary department panchayati raj government india new delhi grievancedear sir 76 year independent india regular availability road drinking water electricity health education telecommunication cum internet facility argen village sado gramapanchayat come tileibani block deogarh district sensitive unfortunate matter undeveloped hill cum inter remote area good communication request take step avail regular road drinking water facility education health telecommunication cum internet facility electricity connect argen village,19
home affair jammu kashmir ladakh matter others please find attached file,20
panchayati raj panchayat development related matter basic facility village odisha honourable principal secretary department panchayati raj government india new delhi grievancedear sir 76 year independent india regular availability road drinking water electricity health education telecommunication cum internet facility tingasil village gadapadar gramapanchayat come jeypore block koraput district sensitive unfortunate matter undeveloped hill cum inter remote area good communication request take step avail regular road drinking water facility education health telecommunication cum internet facility electricity connect tingasil village,21
niti aayog tourism tourism statistic sir meeting reg development beri panchpota ecotourism honorable secretary central tourism ministry mr arvind singh nearly eight month passed initiative build ecotourism beri panchpota till development beri panchpota ecotourism center benefit million people least three assembly constituency west bengal want tourism project developed collaboration central state government would request look matter thanking jyoti prokash ghosh,22
panchayati raj panchayat development related matter basic facility village odisha honourable principal secretary department panchayati raj government india new delhi grievancedear sir 76 year independent india regular availability road drinking water electricity health education telecommunication cum internet facility nepal village banthapur gramapanchayat come odagaon block nayagarh district sensitive unfortunate matter undeveloped hill cum inter remote area good communication request take step avail regular road drinking water facility education health telecommunication cum internet facility electricity connect nepal village,23
telecommunication mobile related activationdeactivationfault sim card mobile number x4x7x2x3x2 service provider bharat sanchar nigam limited corporate office respected sir reference issue faced would like lodge complaint bsnl kalyani exchange wherein issued duplicate sim mother39s name aruna chakraborty without permission knowledge hence would like register complaint would like necessary action taken bsnl kalyani exchange carried transaction issuance sim card 17th dec 2022 confirmed bsnl customer care said date following number x4x7x2x3x2 would also like inform taking legal action mistake issuing sim without verifying detail caused financial fraud saving account 19th dec 2022 amounting rs1374000 also went kalyani bsnl exchange 22nd dec shared document duplicate sim issued looking could clearly see document fake verified bsnl official also attaching fake document received exchange used issue sim card along original document regard anita rao chakraborty alternate contact x0x1x4x0x7 x0x3x6x4x4 x2x2x2x4x5,24
panchayati raj panchayat development related matter basic facility village odisha honourable principal secretary department panchayati raj government india new delhi grievancedear sir 76 year independent india regular availability road drinking water health education telecommunication cum internet facility dadadamaha village talarimaha gramapanchayat come gudayagiri block kandhamal district sensitive unfortunate matter undeveloped hill cum inter remote area good communication request take step avail regular road drinking water facility education health telecommunication cum internet facility dadadamaha village,25
central board direct tax income tax direct tax search seizure matter reward informer pan xxxxx regional office office region andhra pradesh telangana happy new year 2023 sir request honourable minister finance government indianew delhi settle case attached cbodt central board direct tax bless year employement,26
administrative reform public grievance central government related prayer action home police department government india amp send action taken intimation respected sir respected madam smt kaberi mukherjee c shri k mukherjee village khas nirsa near middle school po nirsa p nirsa district dhanbad 828205 contact x4x0x4x1x5 herewith enclosed application enclosers kind action government india home police department request send action taken intimation speed post thanking faithfully smt kaberi mukherjee date 112023,27
external affair others danapuneni sreekanth raopaid tution fee college newzealand 2009i paid tution fee provided servicesi approached indian embassy responsible indian safety difficulty foreign country also provided anythingiam sending mail indian embassy since13 yearsin cpgrams portal sent 7000 grievance ministry external affairsfor loss ministry external affairsindian embassyindian government responsiblei get permanent residency newzealand government dollar 913336 nzd equivalent indian rupee 5 crore indian rupee get ministry external affair indian government soon possiblealready 13 year overplease send money given bank account bank detail account name sreekanth rao danapuneni account x2x8x8x9x8x ifsc code xxxxx bank state bank india branchmanthani state telangana country india thanks regard danapuneni sreekanth rao x1x9x3x4x8x0,28
external affair others danapuneni sreekanth raopaid tution fee college newzealand 2009i paid tution fee provided servicesi approached indian embassy responsible indian safety difficulty foreign country also provided anythingiam sending mail indian embassy since13 yearsin cpgrams portal sent 7000 grievance ministry external affairsfor loss ministry external affairsindian embassyindian government responsiblei get permanent residency newzealand government dollar 913336 nzd equivalent indian rupee 5 crore indian rupee get ministry external affair indian government soon possiblealready 13 year overplease send money given bank account bank detail account name sreekanth rao danapuneni account x2x8x8x9x8x ifsc code xxxxx bank state bank india branchmanthani state telangana country india thanks regard danapuneni sreekanth rao x1x9x3x4x8x0,29
external affair others danapuneni sreekanth raopaid tution fee college newzealand 2009i paid tution fee provided servicesi approached indian embassy responsible indian safety difficulty foreign country also provided anythingiam sending mail indian embassy since13 yearsin cpgrams portal sent 7000 grievance ministry external affairsfor loss ministry external affairsindian embassyindian government responsiblei get permanent residency newzealand government dollar 913336 nzd equivalent indian rupee 5 crore indian rupee get ministry external affair indian government soon possiblealready 13 year overplease send money given bank account bank detail account name sreekanth rao danapuneni account x2x8x8x9x8x ifsc code xxxxx bank state bank india branchmanthani state telangana country india thanks regard danapuneni sreekanth rao x1x9x3x4x8x0,30
empowerment person disability scholarship scheme swds postmatric scholarship student disability registrationroll provided disability certificate udid card 104818 supporting document none dear sir nsp didn39t allow submit scholarship form adding captcha code tried many time couldn39t access captcha code therefore kindly allow submit application mode nsp absolutely discriminatory nsp exclusionary nature head nsp lost hisher mind0,31
external affair others danapuneni sreekanth raopaid tution fee college newzealand 2009i paid tution fee provided servicesi approached indian embassy responsible indian safety difficulty foreign country also provided anythingiam sending mail indian embassy since13 yearsin cpgrams portal sent 7000 grievance ministry external affairsfor loss ministry external affairsindian embassyindian government responsiblei get permanent residency newzealand government dollar 913336 nzd equivalent indian rupee 5 crore indian rupee get ministry external affair indian government soon possiblealready 13 year overplease send money given bank account bank detail account name sreekanth rao danapuneni account x2x8x8x9x8x ifsc code xxxxx bank state bank india branchmanthani state telangana country india thanks regard danapuneni sreekanth rao x1x9x3x4x8x0,32
external affair others danapuneni sreekanth raopaid tution fee college newzealand 2009i paid tution fee provided servicesi approached indian embassy responsible indian safety difficulty foreign country also provided anythingiam sending mail indian embassy since13 yearsin cpgrams portal sent 7000 grievance ministry external affairsfor loss ministry external affairsindian embassyindian government responsiblei get permanent residency newzealand government dollar 913336 nzd equivalent indian rupee 5 crore indian rupee get ministry external affair indian government soon possiblealready 13 year overplease send money given bank account bank detail account name sreekanth rao danapuneni account x2x8x8x9x8x ifsc code xxxxx bank state bank india branchmanthani state telangana country india thanks regard danapuneni sreekanth rao x1x9x3x4x8x0,33
external affair others danapuneni sreekanth raopaid tution fee college newzealand 2009i paid tution fee provided servicesi approached indian embassy responsible indian safety difficulty foreign country also provided anythingiam sending mail indian embassy since13 yearsin cpgrams portal sent 7000 grievance ministry external affairsfor loss ministry external affairsindian embassyindian government responsiblei get permanent residency newzealand government dollar 913336 nzd equivalent indian rupee 5 crore indian rupee get ministry external affair indian government soon possiblealready 13 year overplease send money given bank account bank detail account name sreekanth rao danapuneni account x2x8x8x9x8x ifsc code xxxxx bank state bank india branchmanthani state telangana country india thanks regard danapuneni sreekanth rao x1x9x3x4x8x0,34
external affair others danapuneni sreekanth raopaid tution fee college newzealand 2009i paid tution fee provided servicesi approached indian embassy responsible indian safety difficulty foreign country also provided anythingiam sending mail indian embassy since13 yearsin cpgrams portal sent 7000 grievance ministry external affairsfor loss ministry external affairsindian embassyindian government responsiblei get permanent residency newzealand government dollar 913336 nzd equivalent indian rupee 5 crore indian rupee get ministry external affair indian government soon possiblealready 13 year overplease send money given bank account bank detail account name sreekanth rao danapuneni account x2x8x8x9x8x ifsc code xxxxx bank state bank india branchmanthani state telangana country india thanks regard danapuneni sreekanth rao x1x9x3x4x8x0,35
labour employment others epfo name address establishment walsons service private limited uan x0x4x4x5x6x9 pf code pf account xxxxx ppo provided scheme certificate number provided pf office regional office kolkata à¤µà¤·à¤¯ pension amount à¤•à¤® à¤†à¤¯ à¤¹ à¤†à¤¦à¤°à¤£à¤¯ à¤®à¤¹à¤¦à¤¯ à¤®à¤° à¤¨à¤® ripan nath à¤¹ à¤¸à¤°à¤®à¤¡à¤® à¤®à¤° 2 uan à¤¹ 1st uan x0x0x8x2x9x0 1st uan member id xxxxx à¤¹ à¤”à¤° 2nd uan x0x4x4x5x6x9 2nd uan member id xxxxx à¤¹ à¤®à¤¨ 1st number uan à¤• member id à¤• service 2nd number uan à¤• member id à¤® transfer à¤•à¤¯ à¤¥ à¤®à¤° 1st number uan à¤• member id à¤® pension amount 12885 à¤¥ à¤”à¤° 2nd number uan à¤• member id à¤® pension amount 37789 à¤¥ à¤®à¤° 1st number uan à¤• member id à¤• pension à¤• à¤ªà¤¸ à¤”à¤° 2nd number uan à¤• member id à¤• pension à¤• à¤ªà¤¸ total 50674 à¤¹à¤¤ à¤¹ à¤²à¤•à¤¨ à¤®à¤° 2nd number uan à¤• member id à¤¸ pension 33855 settle à¤¹à¤µ à¤¹ à¤”à¤° 16819 pension amount à¤•à¤® à¤†à¤¯ à¤¹ à¤”à¤° à¤…à¤¬ à¤® 2nd number uan à¤• member id à¤¸ pension 10c à¤• form aplay à¤•à¤° à¤°à¤¹ à¤¹ à¤¤ pension withdrawal benefit claim already settled à¤¯ à¤²à¤– à¤• à¤† à¤°à¤¹ à¤¹ à¤‡à¤¸ à¤•à¤°à¤£ à¤® à¤†à¤ªà¤¸ à¤¨à¤µà¤¦à¤¨ à¤•à¤°à¤¤ à¤¹ à¤• à¤®à¤ composite claim form aadhar form à¤­à¤°à¤¨ à¤• à¤…à¤¨à¤®à¤¤ à¤¦ à¤¦ à¤œà¤ please sir madam help à¤®à¤° à¤ªà¤ª à¤¹à¤¸à¤ªà¤Ÿà¤² à¤® à¤­à¤°à¤¤ à¤¹ à¤®à¤ à¤®à¤° à¤ªà¤ª à¤• à¤‡à¤²à¤œ à¤• à¤²à¤ à¤ªà¤¸ à¤• à¤¬à¤¹à¤¤ à¤œà¤°à¤°à¤¤ à¤¹ à¤•à¤ªà¤¯ à¤•à¤°à¤• à¤†à¤ª à¤®à¤° help à¤•à¤°à¤¯ à¤§à¤¨à¤¯à¤µà¤¦ uan x0x4x4x5x6x9 member id xxxxx name ripan nath biren nath please please please help please,36
external affair others danapuneni sreekanth raopaid tution fee college newzealand 2009i paid tution fee provided servicesi approached indian embassy responsible indian safety difficulty foreign country also provided anythingiam sending mail indian embassy since13 yearsin cpgrams portal sent 7000 grievance ministry external affairsfor loss ministry external affairsindian embassyindian government responsiblei get permanent residency newzealand government dollar 913336 nzd equivalent indian rupee 5 crore indian rupee get ministry external affair indian government soon possiblealready 13 year overplease send money given bank account bank detail account name sreekanth rao danapuneni account x2x8x8x9x8x ifsc code xxxxx bank state bank india branchmanthani state telangana country india thanks regard danapuneni sreekanth rao x1x9x3x4x8x0,37
rural development mgnrega related allegation corruption malpractice proper implementation mgnrega scheme à¤œà¤¨à¤ªà¤¦ à¤ªà¤šà¤¯à¤¤ à¤µà¤œà¤¯à¤ªà¤° à¤® à¤¬à¤¨ à¤œà¤à¤¸à¤Ÿ à¤°à¤œà¤¸à¤Ÿà¤°à¤¶à¤¨ à¤µà¤² à¤«à¤°à¤® à¤• à¤•à¤šà¤š à¤¬à¤² à¤ªà¤¸ à¤•à¤ à¤œ à¤°à¤¹ à¤œ à¤• à¤¶à¤¸à¤¨ à¤• à¤¨à¤¯à¤® à¤µà¤°à¤¦à¤§ à¤¹ à¤®à¤¹à¤¨ à¤²à¤² à¤—à¤ªà¤¤ à¤¶à¤¸à¤¨ à¤• à¤§à¤• à¤¦à¤¨ à¤• à¤‰à¤¦à¤¦à¤¶à¤¯ à¤¸ à¤¦ à¤«à¤°à¤® à¤• à¤¨à¤® à¤¸ à¤¬à¤² à¤•à¤Ÿ à¤°à¤¹ à¤¹ à¤œà¤¸à¤® à¤à¤• à¤«à¤°à¤® à¤•à¤²à¤¦à¤µ à¤Ÿà¤°à¤¡à¤°à¤¸ à¤¹ à¤œà¤¸à¤• à¤œà¤à¤¸à¤Ÿ à¤® à¤°à¤œà¤¸à¤Ÿà¤°à¤¶à¤¨ à¤¹ à¤œà¤¬à¤• à¤à¤• à¤¦à¤¸à¤° à¤«à¤°à¤® à¤®à¤¹à¤¨à¤²à¤² à¤¶à¤µà¤œà¤²à¤² à¤²à¤² à¤¹ à¤œà¤¸à¤• à¤œà¤à¤¸à¤Ÿ à¤® à¤°à¤œà¤¸à¤Ÿà¤°à¤¶à¤¨ à¤¨à¤¹ à¤¹ à¤”à¤° à¤‡à¤¸à¤ª à¤Ÿà¤¨ à¤¨à¤¬à¤° à¤¡à¤² à¤°à¤– à¤¹ à¤œà¤¬ à¤œà¤à¤¸à¤Ÿ à¤à¤•à¤Ÿ 2017 à¤® à¤²à¤— à¤¹ à¤—à¤¯ à¤¥ à¤¤ à¤«à¤° à¤¯ à¤«à¤°à¤® à¤• à¤•à¤ˆ à¤…à¤¸à¤¤à¤¤à¤µ à¤¨à¤¹ à¤¹ à¤œà¤¨à¤ªà¤¦ à¤ªà¤šà¤¯à¤¤ à¤µà¤œà¤¯à¤ªà¤° à¤• à¤…à¤§à¤•à¤°à¤¯ à¤¸ à¤®à¤²à¤•à¤° à¤‡à¤¸ à¤«à¤°à¤® à¤• à¤¸à¤šà¤²à¤• à¤¨ à¤¶à¤¸à¤¨ à¤• à¤§à¤• à¤¦à¤¤ à¤¹à¤ à¤•à¤šà¤š à¤¬à¤² à¤­ à¤ªà¤¸ à¤•à¤°à¤µà¤ à¤¹ à¤”à¤° à¤¶à¤¸à¤¨ à¤• à¤†à¤°à¤¥à¤• à¤•à¤·à¤¤ à¤ªà¤¹à¤šà¤ˆ à¤¹ à¤®à¤° à¤ªà¤¸ à¤¸à¤•à¤·à¤¯ à¤¹à¤¤ 2017 à¤• à¤¬à¤¦ à¤• à¤à¤• à¤¹ à¤¸à¤šà¤²à¤• à¤• à¤¦ à¤«à¤°à¤® à¤¸ à¤­à¤—à¤¤à¤¨ à¤ªà¤°à¤ªà¤¤ à¤•à¤ à¤¹à¤ à¤¬à¤² à¤¹ à¤œà¤¨à¤• à¤­à¤—à¤¤à¤¨ à¤œà¤¨à¤ªà¤¦ à¤ªà¤šà¤¯à¤¤ à¤µà¤œà¤¯à¤ªà¤° à¤¸ à¤…à¤§à¤•à¤°à¤¯ à¤• à¤®à¤²à¤­à¤—à¤¤ à¤¸ à¤¹à¤† à¤¹ à¤‡à¤¤à¤¨ à¤¸à¤ªà¤·à¤Ÿ à¤¤à¤¥à¤¯ à¤¹à¤¨ à¤• à¤¬à¤¦ à¤­ à¤…à¤ªà¤¨ à¤¦ à¤«à¤°à¤® à¤• à¤®à¤§à¤¯à¤® à¤¸ à¤¶à¤¸à¤•à¤¯ à¤§à¤¨ à¤• à¤—à¤¬à¤¨ à¤•à¤° à¤†à¤°à¤¥à¤• à¤…à¤ªà¤°à¤§ à¤•à¤°à¤¨ à¤µà¤² à¤®à¤¹à¤¨à¤²à¤² à¤—à¤ªà¤¤ à¤• à¤–à¤²à¤« à¤­à¤°à¤·à¤Ÿà¤°à¤šà¤° à¤• à¤•à¤°à¤£ à¤†à¤œ à¤¦à¤¨à¤• à¤¤à¤• à¤•à¤ˆ à¤•à¤°à¤¯à¤µà¤¹ à¤¨à¤¹ à¤• à¤œ à¤°à¤¹ à¤¹,38
external affair others danapuneni sreekanth raopaid tution fee college newzealand 2009i paid tution fee provided servicesi approached indian embassy responsible indian safety difficulty foreign country also provided anythingiam sending mail indian embassy since13 yearsin cpgrams portal sent 7000 grievance ministry external affairsfor loss ministry external affairsindian embassyindian government responsiblei get permanent residency newzealand government dollar 913336 nzd equivalent indian rupee 5 crore indian rupee get ministry external affair indian government soon possiblealready 13 year overplease send money given bank account bank detail account name sreekanth rao danapuneni account x2x8x8x9x8x ifsc code xxxxx bank state bank india branchmanthani state telangana country india thanks regard danapuneni sreekanth rao x1x9x3x4x8x0,39
à¤œà¤¨à¤ªà¤¦ à¤ªà¤šà¤¯à¤¤ à¤µà¤œà¤¯à¤ªà¤° à¤® à¤¬à¤¨ à¤œà¤à¤¸à¤Ÿ à¤°à¤œà¤¸à¤Ÿà¤°à¤¶à¤¨ à¤µà¤² à¤«à¤°à¤® à¤• à¤•à¤šà¤š à¤¬à¤² à¤ªà¤¸ à¤•à¤ à¤œ à¤°à¤¹ à¤œ à¤• à¤¶à¤¸à¤¨ à¤• à¤¨à¤¯à¤® à¤µà¤°à¤¦à¤§ à¤¹ à¤®à¤¹à¤¨ à¤²à¤² à¤—à¤ªà¤¤ à¤¶à¤¸à¤¨ à¤• à¤§à¤• à¤¦à¤¨ à¤• à¤‰à¤¦à¤¦à¤¶à¤¯ à¤¸ à¤¦ à¤«à¤°à¤® à¤• à¤¨à¤® à¤¸ à¤¬à¤² à¤•à¤Ÿ à¤°à¤¹ à¤¹ à¤œà¤¸à¤® à¤à¤• à¤«à¤°à¤® à¤•à¤²à¤¦à¤µ à¤Ÿà¤°à¤¡à¤°à¤¸ à¤¹ à¤œà¤¸à¤• à¤œà¤à¤¸à¤Ÿ à¤® à¤°à¤œà¤¸à¤Ÿà¤°à¤¶à¤¨ à¤¹ à¤œà¤¬à¤• à¤à¤• à¤¦à¤¸à¤° à¤«à¤°à¤® à¤®à¤¹à¤¨à¤²à¤² à¤¶à¤µà¤œà¤²à¤² à¤²à¤² à¤¹ à¤œà¤¸à¤• à¤œà¤à¤¸à¤Ÿ à¤® à¤°à¤œà¤¸à¤Ÿà¤°à¤¶à¤¨ à¤¨à¤¹ à¤¹ à¤”à¤° à¤‡à¤¸à¤ª à¤Ÿà¤¨ à¤¨à¤¬à¤° à¤¡à¤² à¤°à¤– à¤¹ à¤œà¤¬ à¤œà¤à¤¸à¤Ÿ à¤à¤•à¤Ÿ 2017 à¤® à¤²à¤— à¤¹ à¤—à¤¯ à¤¥ à¤¤ à¤«à¤° à¤¯ à¤«à¤°à¤® à¤• à¤•à¤ˆ à¤…à¤¸à¤¤à¤¤à¤µ à¤¨à¤¹ à¤¹ à¤œà¤¨à¤ªà¤¦ à¤ªà¤šà¤¯à¤¤ à¤µà¤œà¤¯à¤ªà¤° à¤• à¤…à¤§à¤•à¤°à¤¯ à¤¸ à¤®à¤²à¤•à¤° à¤‡à¤¸ à¤«à¤°à¤® à¤• à¤¸à¤šà¤²à¤• à¤¨ à¤¶à¤¸à¤¨ à¤• à¤§à¤• à¤¦à¤¤ à¤¹à¤ à¤•à¤šà¤š à¤¬à¤² à¤­ à¤ªà¤¸ à¤•à¤°à¤µà¤ à¤¹ à¤”à¤° à¤¶à¤¸à¤¨ à¤• à¤†à¤°à¤¥à¤• à¤•à¤·à¤¤ à¤ªà¤¹à¤šà¤ˆ à¤¹ à¤®à¤° à¤ªà¤¸ à¤¸à¤•à¤·à¤¯ à¤¹à¤¤ 2017 à¤• à¤¬à¤¦ à¤• à¤à¤• à¤¹ à¤¸à¤šà¤²à¤• à¤• à¤¦ à¤«à¤°à¤® à¤¸ à¤­à¤—à¤¤à¤¨ à¤ªà¤°à¤ªà¤¤ à¤•à¤ à¤¹à¤ à¤¬à¤² à¤¹ à¤œà¤¨à¤• à¤­à¤—à¤¤à¤¨ à¤œà¤¨à¤ªà¤¦ à¤ªà¤šà¤¯à¤¤ à¤µà¤œà¤¯à¤ªà¤° à¤¸ à¤…à¤§à¤•à¤°à¤¯ à¤• à¤®à¤²à¤­à¤—à¤¤ à¤¸ à¤¹à¤† à¤¹ à¤‡à¤¤à¤¨ à¤¸à¤ªà¤·à¤Ÿ à¤¤à¤¥à¤¯ à¤¹à¤¨ à¤• à¤¬à¤¦ à¤­ à¤…à¤ªà¤¨ à¤¦ à¤«à¤°à¤® à¤• à¤®à¤§à¤¯à¤® à¤¸ à¤¶à¤¸à¤•à¤¯ à¤§à¤¨ à¤• à¤—à¤¬à¤¨ à¤•à¤° à¤†à¤°à¤¥à¤• à¤…à¤ªà¤°à¤§ à¤•à¤°à¤¨ à¤µà¤² à¤®à¤¹à¤¨à¤²à¤² à¤—à¤ªà¤¤ à¤• à¤–à¤²à¤« à¤­à¤°à¤·à¤Ÿà¤°à¤šà¤° à¤• à¤•à¤°à¤£ à¤†à¤œ à¤¦à¤¨à¤• à¤¤à¤• à¤•à¤ˆ à¤•à¤°à¤¯à¤µà¤¹ à¤¨à¤¹ à¤• à¤œ à¤°à¤¹ à¤¹,40
external affair others danapuneni sreekanth raopaid tution fee college newzealand 2009i paid tution fee provided servicesi approached indian embassy responsible indian safety difficulty foreign country also provided anythingiam sending mail indian embassy since13 yearsin cpgrams portal sent 7000 grievance ministry external affairsfor loss ministry external affairsindian embassyindian government responsiblei get permanent residency newzealand government dollar 913336 nzd equivalent indian rupee 5 crore indian rupee get ministry external affair indian government soon possiblealready 13 year overplease send money given bank account bank detail account name sreekanth rao danapuneni account x2x8x8x9x8x ifsc code xxxxx bank state bank india branchmanthani state telangana country india thanks regard danapuneni sreekanth rao x1x9x3x4x8x0,41
external affair others danapuneni sreekanth raopaid tution fee college newzealand 2009i paid tution fee provided servicesi approached indian embassy responsible indian safety difficulty foreign country also provided anythingiam sending mail indian embassy since13 yearsin cpgrams portal sent 7000 grievance ministry external affairsfor loss ministry external affairsindian embassyindian government responsiblei get permanent residency newzealand government dollar 913336 nzd equivalent indian rupee 5 crore indian rupee get ministry external affair indian government soon possiblealready 13 year overplease send money given bank account bank detail account name sreekanth rao danapuneni account x2x8x8x9x8x ifsc code xxxxx bank state bank india branchmanthani state telangana country india thanks regard danapuneni sreekanth rao x1x9x3x4x8x0,42
external affair others danapuneni sreekanth raopaid tution fee college newzealand 2009i paid tution fee provided servicesi approached indian embassy responsible indian safety difficulty foreign country also provided anythingiam sending mail indian embassy since13 yearsin cpgrams portal sent 7000 grievance ministry external affairsfor loss ministry external affairsindian embassyindian government responsiblei get permanent residency newzealand government dollar 913336 nzd equivalent indian rupee 5 crore indian rupee get ministry external affair indian government soon possiblealready 13 year overplease send money given bank account bank detail account name sreekanth rao danapuneni account x2x8x8x9x8x ifsc code xxxxx bank state bank india branchmanthani state telangana country india thanks regard danapuneni sreekanth rao x1x9x3x4x8x0,43
external affair others danapuneni sreekanth raopaid tution fee college newzealand 2009i paid tution fee provided servicesi approached indian embassy responsible indian safety difficulty foreign country also provided anythingiam sending mail indian embassy since13 yearsin cpgrams portal sent 7000 grievance ministry external affairsfor loss ministry external affairsindian embassyindian government responsiblei get permanent residency newzealand government dollar 913336 nzd equivalent indian rupee 5 crore indian rupee get ministry external affair indian government soon possiblealready 13 year overplease send money given bank account bank detail account name sreekanth rao danapuneni account x2x8x8x9x8x ifsc code xxxxx bank state bank india branchmanthani state telangana country india thanks regard danapuneni sreekanth rao x1x9x3x4x8x0,44
xaxpxxx0x2x4x4x1 regarding cbcid inspection closed wrong fact without investigate evidence blamed abused complainant asp nagar bulandshahr anukriti sharma ji mr tp singh superintending post hpo bulandshahr mr rajeev umrao postmaster general agra please investigate attached pdf file matter lodge fir present complainant want mental harassment xoxpxnxaxixn legal action police officer xuxexixtxnxixg post hpo bulandshahr sir atm card issued without complainant oral written permission mr chandra prakash singh district magistrate bulandshahr dated 1992022 well choki ansari road bulandshahr mr virendra kumar si x8x1x6x9x4x made pressure complainant lodge fir dated 28062022 asp bulandshahr shri shashank singh x4x4x0x5x2 false report regarding phone testimony dated 2222022 phone testimony given date spite many complaint cancelled big offence well xoxpxaxnxnxs name written gd register kotwali nagar bulandshahr 2272022 action taken person till well application received dated 08042022 sp city bulandshahr mr surendra nath tiwari x4x4x0x0x3 well argued complainant missed call crime present without check fact blamed complainant asp nagar bulandshahr anukriti sharma ji report stigrs1x2x3xx0x2x2x saved officer without action person present complainant want mental harassment xoxpxnxaxixn legal action police officer xuxexixtxnxixg post hpo bulandshahr,45
external affair others danapuneni sreekanth raopaid tution fee college newzealand 2009i paid tution fee provided servicesi approached indian embassy responsible indian safety difficulty foreign country also provided anythingiam sending mail indian embassy since13 yearsin cpgrams portal sent 7000 grievance ministry external affairsfor loss ministry external affairsindian embassyindian government responsiblei get permanent residency newzealand government dollar 913336 nzd equivalent indian rupee 5 crore indian rupee get ministry external affair indian government soon possiblealready 13 year overplease send money given bank account bank detail account name sreekanth rao danapuneni account x2x8x8x9x8x ifsc code xxxxx bank state bank india branchmanthani state telangana country india thanks regard danapuneni sreekanth rao x1x9x3x4x8x0,46
rural development pradhan mantri gram sadak yojana complaint pmgsy road request construction road pmgsy name road constructed pmgsy gp headquarters nepal via include nearly unconnected village gp honourable minister department rural development government india new delhi honourable secretary department rural development government india new delhi grievancedear sir kindly request construct new road scheme pradhan mantri grama sadak yojana pmgsy gp headquarters nepal via include nearly unconnected village gp banthapur gramapanchyat odagaon block nayagarh district undeveloped hill area cum maoist affected inter remote area communication facility poor construction new road great step communication area project kindly approve therefore shall obliged,47
xaxpxxx0x2x4x4x0 regarding cbcid inspection closed wrong fact without investigate evidence blamed abused complainant asp nagar bulandshahr anukriti sharma ji mr tp singh superintending post hpo bulandshahr mr rajeev umrao postmaster general agra please investigate attached pdf file matter lodge fir present complainant want mental harassment xoxpxnxaxixn legal action police officer xuxexixtxnxixg post hpo bulandshahr sir atm card issued without complainant oral written permission mr chandra prakash singh district magistrate bulandshahr dated 1992022 well choki ansari road bulandshahr mr virendra kumar si x8x1x6x9x4x made pressure complainant lodge fir dated 28062022 asp bulandshahr shri shashank singh x4x4x0x5x2 false report regarding phone testimony dated 2222022 phone testimony given date spite many complaint cancelled big offence well xoxpxaxnxnxs name written gd register kotwali nagar bulandshahr 2272022 action taken person till well application received dated 08042022 sp city bulandshahr mr surendra nath tiwari x4x4x0x0x3 well argued complainant missed call crime present without check fact blamed complainant asp nagar bulandshahr anukriti sharma ji report stigrs1x2x3xx0x2x2x saved officer without action person present complainant want mental harassment xoxpxnxaxixn legal action police officer xuxexixtxnxixg post hpo bulandshahr,48
labour employment transfer related issue transfer pf name address establishment infoblox technical support software development private limited unit 02 office 1 level 4 golden height dr rajkumar road 12 59th c cross 4th block rajajinagar bangalore 560 010 uan x0x3x7x6x2x7 pf code pf account provided ppo provided scheme certificate number provided pf office regional office thiruvananthapuram regional provident fund commissioner tvm reference registration number xoxexxx0x2x0x9x6 subject complaint letter withholding xxxxx epf amount r 3218904 cheating company infoblox xxxxx matching employee contribution employer contribution respected sir madam shankar ganesh pj employee xdx x0x0x8 pan xxxxx 24th april 2017 till 15th december 2021 working staff engineer infoblox technical support software development private limited unit 02 office 1 level 4 golden height dr rajkumar road 12 59th c cross 4th block rajajinagar bangalore 560 010 establishment idname xxxxx infoblox technical support software development private limited member idname xxxxx shankar ganesh p j uan x0x3x7x6x2x7 hide fraud company infoblox provided epf form16 financial year 2021 2022 deliberately withheld form16 tax statement payslip showing breakup gross amp net salary infoblox intentionally harass even submitting grievance xoxexxx0x2x0x9x6 epfo still epf money transferred infoblox infoblox deliberately mark exit also got cheated infoblox xxxxx matching employee contribution employer contribution ratio bringing kind attention humbly pray request initiate appropriate action infoblox technical support software development private limited match employee contribution employer contribution mark exit kindly request recover epf amount infoblox transfer current epf account interest faithfully p j shankar ganesh,49
xaxpxxx0x2x4x4x8 regarding cbcid inspection closed wrong fact without investigate evidence blamed abused complainant asp nagar bulandshahr anukriti sharma ji mr tp singh superintending post hpo bulandshahr mr rajeev umrao postmaster general agra please investigate attached pdf file matter lodge fir present complainant want mental harassment xoxpxnxaxixn legal action police officer xuxexixtxnxixg post hpo bulandshahr sir atm card issued without complainant oral written permission mr chandra prakash singh district magistrate bulandshahr dated 1992022 well choki ansari road bulandshahr mr virendra kumar si x8x1x6x9x4x made pressure complainant lodge fir dated 28062022 asp bulandshahr shri shashank singh x4x4x0x5x2 false report regarding phone testimony dated 2222022 phone testimony given date spite many complaint cancelled big offence well xoxpxaxnxnxs name written gd register kotwali nagar bulandshahr 2272022 action taken person till well application received dated 08042022 sp city bulandshahr mr surendra nath tiwari x4x4x0x0x3 well argued complainant missed call crime present without check fact blamed complainant asp nagar bulandshahr anukriti sharma ji report stigrs1x2x3xx0x2x2x saved officer without action person present complainant want mental harassment xoxpxnxaxixn legal action police officer xuxexixtxnxixg post hpo bulandshahr,50
labour employment others epfo name address establishment south west pinnacle exploration ltd gurgaon uan x0x9x9x3x8x3 pf code pf account xxxxx ppo provided scheme certificate number provided pf office regional office gurugram à¤†à¤¦à¤°à¤£à¤¯ à¤®à¤¹à¤¦à¤¯ à¤®à¤° à¤¨à¤® ram durve à¤¹ à¤®à¤° à¤ªà¤à¤« à¤® à¤®à¤° doj eps à¤”à¤° doe eps available à¤¹ à¤‡à¤¸à¤• à¤•à¤°à¤£ à¤® pension 10c à¤• à¤«à¤°à¤® open à¤¨à¤¹ sir à¤®à¤ à¤ªà¤¸ à¤• à¤¬à¤¹à¤¤ à¤œà¤°à¤°à¤¤ à¤¹ à¤®à¤° wife pregnant à¤¹ please à¤†à¤ª à¤®à¤° help à¤•à¤°à¤¯ à¤‡à¤¸ à¤•à¤°à¤£ à¤® à¤†à¤ªà¤¸ à¤¨à¤µà¤¦à¤¨ à¤•à¤°à¤¤ à¤¹ à¤• à¤®à¤° à¤ªà¤à¤« à¤® à¤®à¤° doj eps à¤”à¤° doe eps update à¤•à¤°à¤¯ à¤§à¤¨à¤¯à¤µà¤¦ given document list 1 form number 5 company seal signature 2 form number 10 company seal signature 3 joint declaration form company seal signature 4 change form 5 physical joint request company seal signature 5 aadhar card 6 pan card 7 bank passbook uan x0x9x9x3x8x3 pf number xxxxx name ram dhurve please please please help sir,51
xaxpxxx0x2x4x4x7 regarding cbcid inspection closed wrong fact without investigate evidence blamed abused complainant asp nagar bulandshahr anukriti sharma ji mr tp singh superintending post hpo bulandshahr mr rajeev umrao postmaster general agra please investigate attached pdf file matter lodge fir present complainant want mental harassment xoxpxnxaxixn legal action police officer xuxexixtxnxixg post hpo bulandshahr sir atm card issued without complainant oral written permission mr chandra prakash singh district magistrate bulandshahr dated 1992022 well choki ansari road bulandshahr mr virendra kumar si x8x1x6x9x4x made pressure complainant lodge fir dated 28062022 asp bulandshahr shri shashank singh x4x4x0x5x2 false report regarding phone testimony dated 2222022 phone testimony given date spite many complaint cancelled big offence well xoxpxaxnxnxs name written gd register kotwali nagar bulandshahr 2272022 action taken person till well application received dated 08042022 sp city bulandshahr mr surendra nath tiwari x4x4x0x0x3 well argued complainant missed call crime present without check fact blamed complainant asp nagar bulandshahr anukriti sharma ji report stigrs1x2x3xx0x2x2x saved officer without action person present complainant want mental harassment xoxpxnxaxixn legal action police officer xuxexixtxnxixg post hpo bulandshahr,52
telecommunication suggestion others honourable minister department telecommunication government india grievancedear sir would like draw urgent attention nepal village come banthapur gramapanchyat odagaon block nayagarh district odisha state undeveloped hill cum inter remote area cut part mainstream area country since long time network connectivity internet penetration telecommunication poor even working properly resident village student business personality unable access internet banking online service student also unable attend online activity due mentioned problem people unable call ambulance fire service due lack network problem emergency time facility digital india reached area till underprivileged digitally connected rest country therefore kindly request please install new reliance jio4g5g cum bsnl3g4g5g mobile tower scheme universal service obligation fund usof particular place nepal village come banthapur gramapanchyat odagaon block nayagarh district odisha state underprivileged people connected digitally take advantage digital service,53
financial service banking division government sponsored scheme related prime minister rojgar yojana bank state bank india branch name bank branch palasaguda date application 01012023 à¬®à¬¨à¬¨à­Ÿ à¬¶à¬° à¬¯à¬•à¬¤ à¬­à¬°à¬¤ à¬ªà¬°à¬§à¬¨ à¬®à¬¨à¬¤à¬° à¬®à¬¹à¬¦à­Ÿ à¬­à¬°à¬¤ à¬¸à¬°à¬•à¬° à¬¦à¬²à¬² à¬®à¬¹à¬¦à­Ÿ à¬¸à¬®à¬ªà¬¶ à¬œà¬²à¬³à¬° à¬¨à¬® à¬¬à¬¦à¬§ à¬¬à¬¦à¬§ à¬œà¬²à¬²à¬° pmegp à¬‹à¬£ à¬¸à¬°à¬•à¬° à¬¯à¬œà¬¨à¬° à¬—à¬°à¬¬ à¬¯à¬¬à¬• à¬®à¬¨à¬™à¬• à¬¨à­Ÿà­Ÿ à¬®à¬² à¬ªà¬°à¬¨à¬¹ palasaguda à¬·à¬Ÿà¬Ÿ à¬¬à­Ÿà¬™à¬•à¬° à¬¸à¬®à¬¸à¬¤ à¬ªà¬°à¬•à¬° à¬•à¬—à¬œ à¬ªà¬¤à¬° à¬¦à¬–à¬² à¬•à¬°à¬¥à¬² à¬®à¬§à­Ÿ à¬«à¬²à¬¡ à¬…à¬«à¬¸à¬° à¬¬à¬­à¬¨à¬¨ à¬ªà¬°à¬•à¬°à¬° à¬¨à¬Ÿ à¬•à¬° à¬¬à¬°à¬®à¬¬à¬° pmegp à¬‹à¬£ à¬°à¬œà¬·à¬Ÿ à¬•à¬°à¬¥à¬¬à¬° palasaguda à¬·à¬Ÿà¬Ÿ à¬¬à­Ÿà¬™à¬•à¬‹ à¬«à¬²à¬¡ à¬…à¬«à¬¸à¬° à¬¬à¬¦à¬³ à¬¦à¬¬ à¬ªà¬¤à¬° à¬¦à¬–à¬² à¬¸à¬®à¬¬à¬¨à¬§ à¬•à¬£à¬Ÿà¬®à¬³ à¬¬à¬²à¬•à¬° à¬—à¬°à¬¬ à¬¯à¬¬à¬• à¬®à¬¨à¬™à¬• à¬œà¬°à¬†à¬° à¬«à¬²à¬¡ à¬…à¬«à¬¸à¬° à¬¬à¬¦à¬³ à¬¦à¬¬ à¬®à¬¹à¬¶à­Ÿ à¬¨à¬¬à¬¦à¬¨à¬° à¬•à¬°à¬£ à¬à¬¹à¬• à¬†à¬® à¬¬à¬¦à¬§ à¬œà¬²à¬²à¬° à¬•à¬£à¬Ÿà¬®à¬³ à¬¬à¬²à¬•à¬° à¬—à¬°à¬¬ à¬¯à¬¬à¬• à¬¹à¬‡ à¬¬à­Ÿà¬¬à¬¸à­Ÿ à¬ªà¬°à¬¤à¬·à¬ à¬¨ à¬•à¬°à¬¬ à¬¸à¬¬à¬¬à¬²à¬®à¬¬ à¬¹à¬¬ à¬ªà¬‡ à¬¬à­Ÿà¬™à¬• à¬œà¬°à¬†à¬° à¬•à¬¹à¬• à¬¸à¬°à¬•à¬° pmegp à¬‹à¬£ à¬ªà¬°à¬¦à¬¨ à¬¹à¬‡ à¬ªà¬°à¬¬ à¬¨à¬¹ à¬…à¬¨à­Ÿ à¬œà¬²à¬²à¬° à¬†à¬¸ à¬¬à¬¦à¬§ à¬œà¬²à¬²à¬° à¬¸à¬°à¬•à¬° à¬¯à¬œà¬¨à¬° à¬—à¬°à¬¬ à¬¯à¬¬à¬• à¬®à¬¨à¬™à¬• à¬¬à¬¹à¬¤ à¬…à¬¨à­Ÿà­Ÿ à¬•à¬°à¬¥à¬¬à¬° à¬¬à¬°à¬®à¬¬à¬° à¬…à¬­à¬¯à¬— à¬•à¬² à¬—à¬°à¬¬ à¬¯à¬¬à¬• à¬®à¬¨à¬™à¬• à¬¨à­Ÿà­Ÿ à¬®à¬² à¬ªà¬°à¬¨à¬¹ à¬¬à¬°à¬· à¬¬à¬°à¬· à¬§à¬° à¬†à¬¶à¬¬à¬¸à¬¨ à¬¦à¬‡ à¬¸à¬®à¬¸à¬¤ à¬ªà¬°à¬•à¬° à¬•à¬—à¬œ à¬ªà¬¤à¬° pending à¬°à¬– à¬¬à¬­à¬¨à¬¨ à¬ªà¬°à¬•à¬° à¬¨à¬Ÿ à¬¦à¬–à¬‡ à¬¬à¬°à¬®à¬¬à¬° à¬°à¬œà¬·à¬Ÿ à¬•à¬°à¬¥à¬¬ à¬«à¬²à¬¡ à¬…à¬«à¬¸à¬° à¬•à¬£à¬Ÿà¬®à¬³ à¬¬à¬²à¬• à¬…à¬¨à¬¤à¬°à¬—à¬¤ palasaguda à¬·à¬Ÿà¬Ÿ à¬¬à­Ÿà¬™à¬•à¬° à¬¤à¬°à¬¨à¬¤ à¬¬à¬¦à¬³ à¬•à¬°à¬¬ à¬ªà¬‡ à¬•à¬£à¬Ÿà¬®à¬³ à¬¬à¬²à¬• à¬…à¬¨à¬¤à¬°à¬—à¬¤ à¬–à¬Ÿà¬–à¬Ÿà¬† à¬—à¬°à¬® à¬ªà¬žà¬šà­Ÿà¬¤ à¬¬à¬¸ à¬…à¬­à¬¯à¬— à¬¦à¬–à¬² à¬•à¬°à¬¥à¬¬à¬° à¬¤à¬°à¬¨à¬¤ à¬«à¬²à¬¡ à¬…à¬«à¬¸à¬° à¬¬à¬¦à¬³ à¬¦à¬¬à¬° à¬¬à¬¦à¬§ à¬œà¬²à¬²à¬° à¬¸à¬¥à­Ÿ à¬¬à¬¸à¬¨à¬¦ à¬¹à¬‡ à¬¬à­Ÿà¬¬à¬¸à­Ÿ à¬ªà¬°à¬¤à¬·à¬ à¬¨ à¬•à¬°à¬¬ à¬ªà¬‡ à¬¬à­Ÿà¬™à¬• à¬œà¬°à¬†à¬° à¬‹à¬£ à¬ªà¬°à¬¦à¬¨ à¬¹à¬‡ à¬ªà¬°à¬¨à¬¹ à¬¬à¬°à¬®à¬¬à¬° à¬…à¬­à¬¯à¬— à¬•à¬°à¬¥à¬² à¬®à¬§à­Ÿ à¬—à¬°à¬¬ à¬¯à¬¬à¬• à¬®à¬¨à¬™à¬• à¬¨à­Ÿà­Ÿ à¬®à¬² à¬ªà¬°à¬¨à¬¹ à¬¬à¬°à¬· à¬¬à¬°à¬· à¬§à¬° à¬ à¬• à¬šà¬²à¬¥à¬¬ à¬«à¬²à¬¡ à¬…à¬«à¬¸à¬° palasaguda à¬·à¬Ÿà¬Ÿ à¬¬à­Ÿà¬™à¬•à¬° à¬¤à¬°à¬¨à¬¤ à¬¬à¬¦à¬³ à¬¦à¬¬à¬° à¬—à¬°à¬¬ à¬¯à¬¬à¬• à¬®à¬¨à¬™à¬• à¬œà¬°à¬†à¬° à¬¦à¬¬ à¬ªà¬¤à¬° à¬à¬£ à¬†à¬ªà¬£à¬™à¬• à¬¬à¬¨à¬¤ à¬…à¬¨à¬°à¬§ à¬•à¬°à¬› à¬¯ à¬•à¬£à¬Ÿà¬®à¬³ à¬¬à¬²à¬•à¬° à¬¸à¬¥à­Ÿ à¬¬à¬¸à¬¨à¬¦ à¬¹à¬‡ à¬¬à­Ÿà¬¬à¬¸à­Ÿ à¬ªà¬°à¬¤à¬·à¬ à¬¨ à¬•à¬°à¬¬ à¬ªà¬‡ à¬¸à¬°à¬•à¬° à¬¯à¬œà¬¨ à¬…à¬¨à¬¸à¬° à¬•à¬¹à¬• à¬¬à­Ÿà¬™à¬• à¬œà¬°à¬†à¬° à¬‹à¬£ à¬ªà¬°à¬¦à¬¨ à¬¹à¬‡ à¬ªà¬°à¬¬à¬¨à¬¹ à¬…à¬¨à­Ÿ à¬œà¬²à¬²à¬° à¬†à¬¸à¬¥à¬¬ à¬…à¬«à¬¸à¬° à¬®à¬¨ à¬œà¬¬à¬¬ à¬¦à¬…à¬¨à¬¤ à¬à¬£ à¬‰à¬ªà¬°à¬•à¬¤ à¬¬à¬·à­Ÿ à¬ªà¬°à¬¤ à¬§à­Ÿà¬¨ à¬¦à¬‡ palasaguda à¬·à¬Ÿà¬Ÿ à¬¬à­Ÿà¬™à¬•à¬° à¬…à¬Ÿà¬• à¬°à¬¹à¬¥à¬¬ à¬‹à¬£ à¬–à¬¬ à¬¶à¬˜à¬° à¬ªà¬°à¬¦à¬¨ à¬•à¬² à¬•à¬£à¬Ÿà¬®à¬³ à¬¬à¬²à¬•à¬° à¬—à¬°à¬¬ à¬¯à¬¬à¬• à¬®à¬¨à¬¨ à¬­à¬‡ à¬†à¬ªà¬£à¬™à¬• à¬¨à¬•à¬Ÿà¬° à¬šà¬° à¬•à¬¤à¬œà¬ž à¬°à¬¹à¬¬ à¬‡à¬¤ à¬†à¬ªà¬£à¬™à¬•à¬° à¬¬à¬¶à¬¬à¬¸à¬¤ à¬¬à¬¦à¬§ à¬œà¬²à¬² à¬…à¬¨à¬¤à¬°à¬—à¬¤ à¬•à¬£à¬Ÿà¬®à¬³ à¬¬à¬²à¬• à¬–à¬Ÿà¬–à¬Ÿà¬† à¬—à¬°à¬®à­Ÿ à¬ªà¬žà¬šà­Ÿà¬¤ à¬¦à¬®à¬®à¬£à¬¡ à¬—à¬°à¬®à¬° à¬¸à¬¥à­Ÿ à¬¬à¬¸à¬¨à¬¦ à¬®à¬¨à¬¨ à¬­à¬‡,54
xaxpxxx0x2x4x4x6 regarding cbcid inspection closed wrong fact without investigate evidence blamed abused complainant asp nagar bulandshahr anukriti sharma ji mr tp singh superintending post hpo bulandshahr mr rajeev umrao postmaster general agra please investigate attached pdf file matter lodge fir present complainant want mental harassment xoxpxnxaxixn legal action police officer xuxexixtxnxixg post hpo bulandshahr sir atm card issued without complainant oral written permission mr chandra prakash singh district magistrate bulandshahr dated 1992022 well choki ansari road bulandshahr mr virendra kumar si x8x1x6x9x4x made pressure complainant lodge fir dated 28062022 asp bulandshahr shri shashank singh x4x4x0x5x2 false report regarding phone testimony dated 2222022 phone testimony given date spite many complaint cancelled big offence well xoxpxaxnxnxs name written gd register kotwali nagar bulandshahr 2272022 action taken person till well application received dated 08042022 sp city bulandshahr mr surendra nath tiwari x4x4x0x0x3 well argued complainant missed call crime present without check fact blamed complainant asp nagar bulandshahr anukriti sharma ji report stigrs1x2x3xx0x2x2x saved officer without action person present complainant want mental harassment xoxpxnxaxixn legal action police officer xuxexixtxnxixg post hpo bulandshahr,55
labour employment pf withdrawal correction member personal detail name address establishment v retail pvt ltd uan x0x1x8x1x8x8 pf code pf account xxxxx ppo provided scheme certificate number provided pf office regional office hyderabad dear sir madam name mohammed ashfaq uan number x0x1x8x1x8x8 pf number xxxxx company name v retail pvt ltd her39s detail company sir apply correction offline already courier epfo office 22 dec send jion declaration attested employer sir need name correction pf request epfo department please correction name please reply soon possible medical expense sir please need help one digit differ name kindly correct name please find attachment pdf jd,56
xaxpxxx0x2x4x4x5 regarding cbcid inspection closed wrong fact without investigate evidence blamed abused complainant asp nagar bulandshahr anukriti sharma ji mr tp singh superintending post hpo bulandshahr mr rajeev umrao postmaster general agra please investigate attached pdf file matter lodge fir present complainant want mental harassment xoxpxnxaxixn legal action police officer xuxexixtxnxixg post hpo bulandshahr sir atm card issued without complainant oral written permission mr chandra prakash singh district magistrate bulandshahr dated 1992022 well choki ansari road bulandshahr mr virendra kumar si x8x1x6x9x4x made pressure complainant lodge fir dated 28062022 asp bulandshahr shri shashank singh x4x4x0x5x2 false report regarding phone testimony dated 2222022 phone testimony given date spite many complaint cancelled big offence well xoxpxaxnxnxs name written gd register kotwali nagar bulandshahr 2272022 action taken person till well application received dated 08042022 sp city bulandshahr mr surendra nath tiwari x4x4x0x0x3 well argued complainant missed call crime present without check fact blamed complainant asp nagar bulandshahr anukriti sharma ji report stigrs1x2x3xx0x2x2x saved officer without action person present complainant want mental harassment xoxpxnxaxixn legal action police officer xuxexixtxnxixg post hpo bulandshahr,57
